REF_DATE,Alberta | Industrial buildings and warehouses,Alberta | Office buildings,Alberta | Retail buildings,"Alberta | Total, building type",Atlantic Region | Industrial buildings and warehouses,Atlantic Region | Office buildings,Atlantic Region | Retail buildings,"Atlantic Region | Total, building type",British Columbia | Industrial buildings and warehouses,British Columbia | Office buildings,British Columbia | Retail buildings,"British Columbia | Total, building type","Calgary, Alberta | Industrial buildings and warehouses","Calgary, Alberta | Office buildings","Calgary, Alberta | Retail buildings","Calgary, Alberta | Total, building type",Canada | Industrial buildings and warehouses,Canada | Office buildings,Canada | Retail buildings,"Canada | Total, building type","Charlottetown, Prince Edward Island | Total, building type","Edmonton, Alberta | Total, building type","Halifax, Nova Scotia | Total, building type","Manitoba | Total, building type","Montréal, Quebec | Industrial buildings and warehouses","Montréal, Quebec | Office buildings","Montréal, Quebec | Retail buildings","Montréal, Quebec | Total, building type","New Brunswick | Total, building type","Newfoundland and Labrador | Total, building type","Nova Scotia | Total, building type",Ontario | Industrial buildings and warehouses,Ontario | Office buildings,Ontario | Retail buildings,"Ontario | Total, building type","Ottawa-Gatineau, Ontario Part, Ontario/Quebec | Total, building type",Prairie Region | Industrial buildings and warehouses,Prairie Region | Office buildings,Prairie Region | Retail buildings,"Prairie Region | Total, building type","Prince Edward Island | Total, building type",Quebec | Industrial buildings and warehouses,Quebec | Office buildings,Quebec | Retail buildings,"Quebec | Total, building type","Québec, Quebec | Total, building type","Saint John, New Brunswick | Total, building type","Saskatchewan | Total, building type","Saskatoon, Saskatchewan | Total, building type","St. John's, Newfoundland and Labrador | Total, building type","Territories | Total, building type","Toronto, Ontario | Industrial buildings and warehouses","Toronto, Ontario | Office buildings","Toronto, Ontario | Retail buildings","Toronto, Ontario | Total, building type","Vancouver, British Columbia | Industrial buildings and warehouses","Vancouver, British Columbia | Office buildings","Vancouver, British Columbia | Retail buildings","Vancouver, British Columbia | Total, building type","Winnipeg, Manitoba | Total, building type"
2006-01,,,,,,,,,,,,,,,,,,,,80.9,,,,,,,,,,,,,,,,,,,,,,,,,,,,,,,,,,,,,,,,
2006-02,,,,,,,,,,,,,,,,,,,,80.7,,,,,,,,,,,,,,,,,,,,,,,,,,,,,,,,,,,,,,,,
2006-03,,,,,,,,,,,,,,,,,,,,81.2,,,,,,,,,,,,,,,,,,,,,,,,,,,,,,,,,,,,,,,,
2006-04,,,,,,,,,,,,,,,,,,,,81.7,,,,,,,,,,,,,,,,,,,,,,,,,,,,,,,,,,,,,,,,
2006-05,,,,,,,,,,,,,,,,,,,,81.5,,,,,,,,,,,,,,,,,,,,,,,,,,,,,,,,,,,,,,,,
2006-06,,,,,,,,,,,,,,,,,,,,81.8,,,,,,,,,,,,,,,,,,,,,,,,,,,,,,,,,,,,,,,,
2006-07,,,,,,,,,,,,,,,,,,,,81.1,,,,,,,,,,,,,,,,,,,,,,,,,,,,,,,,,,,,,,,,
2006-08,,,,,,,,,,,,,,,,,,,,81.0,,,,,,,,,,,,,,,,,,,,,,,,,,,,,,,,,,,,,,,,
2006-09,,,,,,,,,,,,,,,,,,,,81.2,,,,,,,,,,,,,,,,,,,,,,,,,,,,,,,,,,,,,,,,
2006-10,,,,,,,,,,,,,,,,,,,,81.2,,,,,,,,,,,,,,,,,,,,,,,,,,,,,,,,,,,,,,,,
2006-11,,,,,,,,,,,,,,,,,,,,81.2,,,,,,,,,,,,,,,,,,,,,,,,,,,,,,,,,,,,,,,,
2006-12,,,,,,,,,,,,,,,,,,,,82.2,,,,,,,,,,,,,,,,,,,,,,,,,,,,,,,,,,,,,,,,
2007-01,,,,,,,,,,,,,,,,,,,,81.7,,,,,,,,,,,,,,,,,,,,,,,,,,,,,,,,,,,,,,,,
2007-02,,,,,,,,,,,,,,,,,,,,81.9,,,,,,,,,,,,,,,,,,,,,,,,,,,,,,,,,,,,,,,,
2007-03,,,,,,,,,,,,,,,,,,,,82.1,,,,,,,,,,,,,,,,,,,,,,,,,,,,,,,,,,,,,,,,
2007-04,,,,,,,,,,,,,,,,,,,,81.3,,,,,,,,,,,,,,,,,,,,,,,,,,,,,,,,,,,,,,,,
2007-05,,,,,,,,,,,,,,,,,,,,81.4,,,,,,,,,,,,,,,,,,,,,,,,,,,,,,,,,,,,,,,,
2007-06,,,,,,,,,,,,,,,,,,,,81.2,,,,,,,,,,,,,,,,,,,,,,,,,,,,,,,,,,,,,,,,
2007-07,,,,,,,,,,,,,,,,,,,,82.6,,,,,,,,,,,,,,,,,,,,,,,,,,,,,,,,,,,,,,,,
2007-08,,,,,,,,,,,,,,,,,,,,82.7,,,,,,,,,,,,,,,,,,,,,,,,,,,,,,,,,,,,,,,,
2007-09,,,,,,,,,,,,,,,,,,,,82.9,,,,,,,,,,,,,,,,,,,,,,,,,,,,,,,,,,,,,,,,
2007-10,,,,,,,,,,,,,,,,,,,,82.1,,,,,,,,,,,,,,,,,,,,,,,,,,,,,,,,,,,,,,,,
2007-11,,,,,,,,,,,,,,,,,,,,82.2,,,,,,,,,,,,,,,,,,,,,,,,,,,,,,,,,,,,,,,,
2007-12,,,,,,,,,,,,,,,,,,,,83.2,,,,,,,,,,,,,,,,,,,,,,,,,,,,,,,,,,,,,,,,
2008-01,,,,,,,,,,,,,,,,,,,,82.4,,,,,,,,,,,,,,,,,,,,,,,,,,,,,,,,,,,,,,,,
2008-02,,,,,,,,,,,,,,,,,,,,83.0,,,,,,,,,,,,,,,,,,,,,,,,,,,,,,,,,,,,,,,,
2008-03,,,,,,,,,,,,,,,,,,,,82.5,,,,,,,,,,,,,,,,,,,,,,,,,,,,,,,,,,,,,,,,
2008-04,,,,,,,,,,,,,,,,,,,,82.3,,,,,,,,,,,,,,,,,,,,,,,,,,,,,,,,,,,,,,,,
2008-05,,,,,,,,,,,,,,,,,,,,81.7,,,,,,,,,,,,,,,,,,,,,,,,,,,,,,,,,,,,,,,,
2008-06,,,,,,,,,,,,,,,,,,,,82.3,,,,,,,,,,,,,,,,,,,,,,,,,,,,,,,,,,,,,,,,
2008-07,,,,,,,,,,,,,,,,,,,,82.4,,,,,,,,,,,,,,,,,,,,,,,,,,,,,,,,,,,,,,,,
2008-08,,,,,,,,,,,,,,,,,,,,82.6,,,,,,,,,,,,,,,,,,,,,,,,,,,,,,,,,,,,,,,,
2008-09,,,,,,,,,,,,,,,,,,,,82.8,,,,,,,,,,,,,,,,,,,,,,,,,,,,,,,,,,,,,,,,
2008-10,,,,,,,,,,,,,,,,,,,,83.4,,,,,,,,,,,,,,,,,,,,,,,,,,,,,,,,,,,,,,,,
2008-11,,,,,,,,,,,,,,,,,,,,83.8,,,,,,,,,,,,,,,,,,,,,,,,,,,,,,,,,,,,,,,,
2008-12,,,,,,,,,,,,,,,,,,,,84.5,,,,,,,,,,,,,,,,,,,,,,,,,,,,,,,,,,,,,,,,
2009-01,,,,,,,,,,,,,,,,,,,,84.1,,,,,,,,,,,,,,,,,,,,,,,,,,,,,,,,,,,,,,,,
2009-02,,,,,,,,,,,,,,,,,,,,84.2,,,,,,,,,,,,,,,,,,,,,,,,,,,,,,,,,,,,,,,,
2009-03,,,,,,,,,,,,,,,,,,,,84.2,,,,,,,,,,,,,,,,,,,,,,,,,,,,,,,,,,,,,,,,
2009-04,,,,,,,,,,,,,,,,,,,,85.0,,,,,,,,,,,,,,,,,,,,,,,,,,,,,,,,,,,,,,,,
2009-05,,,,,,,,,,,,,,,,,,,,85.2,,,,,,,,,,,,,,,,,,,,,,,,,,,,,,,,,,,,,,,,
2009-06,,,,,,,,,,,,,,,,,,,,85.1,,,,,,,,,,,,,,,,,,,,,,,,,,,,,,,,,,,,,,,,
2009-07,,,,,,,,,,,,,,,,,,,,84.7,,,,,,,,,,,,,,,,,,,,,,,,,,,,,,,,,,,,,,,,
2009-08,,,,,,,,,,,,,,,,,,,,84.7,,,,,,,,,,,,,,,,,,,,,,,,,,,,,,,,,,,,,,,,
2009-09,,,,,,,,,,,,,,,,,,,,85.2,,,,,,,,,,,,,,,,,,,,,,,,,,,,,,,,,,,,,,,,
2009-10,,,,,,,,,,,,,,,,,,,,85.0,,,,,,,,,,,,,,,,,,,,,,,,,,,,,,,,,,,,,,,,
2009-11,,,,,,,,,,,,,,,,,,,,85.4,,,,,,,,,,,,,,,,,,,,,,,,,,,,,,,,,,,,,,,,
2009-12,,,,,,,,,,,,,,,,,,,,85.6,,,,,,,,,,,,,,,,,,,,,,,,,,,,,,,,,,,,,,,,
2010-01,,,,,,,,,,,,,,,,,,,,85.5,,,,,,,,,,,,,,,,,,,,,,,,,,,,,,,,,,,,,,,,
2010-02,,,,,,,,,,,,,,,,,,,,85.4,,,,,,,,,,,,,,,,,,,,,,,,,,,,,,,,,,,,,,,,
2010-03,,,,,,,,,,,,,,,,,,,,85.4,,,,,,,,,,,,,,,,,,,,,,,,,,,,,,,,,,,,,,,,
2010-04,,,,,,,,,,,,,,,,,,,,85.7,,,,,,,,,,,,,,,,,,,,,,,,,,,,,,,,,,,,,,,,
2010-05,,,,,,,,,,,,,,,,,,,,85.6,,,,,,,,,,,,,,,,,,,,,,,,,,,,,,,,,,,,,,,,
2010-06,,,,,,,,,,,,,,,,,,,,85.8,,,,,,,,,,,,,,,,,,,,,,,,,,,,,,,,,,,,,,,,
2010-07,,,,,,,,,,,,,,,,,,,,85.7,,,,,,,,,,,,,,,,,,,,,,,,,,,,,,,,,,,,,,,,
2010-08,,,,,,,,,,,,,,,,,,,,86.0,,,,,,,,,,,,,,,,,,,,,,,,,,,,,,,,,,,,,,,,
2010-09,,,,,,,,,,,,,,,,,,,,86.3,,,,,,,,,,,,,,,,,,,,,,,,,,,,,,,,,,,,,,,,
2010-10,,,,,,,,,,,,,,,,,,,,86.9,,,,,,,,,,,,,,,,,,,,,,,,,,,,,,,,,,,,,,,,
2010-11,,,,,,,,,,,,,,,,,,,,87.0,,,,,,,,,,,,,,,,,,,,,,,,,,,,,,,,,,,,,,,,
2010-12,,,,,,,,,,,,,,,,,,,,87.1,,,,,,,,,,,,,,,,,,,,,,,,,,,,,,,,,,,,,,,,
2011-01,,,,,,,,,,,,,,,,,,,,86.4,,,,,,,,,,,,,,,,,,,,,,,,,,,,,,,,,,,,,,,,
2011-02,,,,,,,,,,,,,,,,,,,,86.8,,,,,,,,,,,,,,,,,,,,,,,,,,,,,,,,,,,,,,,,
2011-03,,,,,,,,,,,,,,,,,,,,87.0,,,,,,,,,,,,,,,,,,,,,,,,,,,,,,,,,,,,,,,,
2011-04,,,,,,,,,,,,,,,,,,,,87.2,,,,,,,,,,,,,,,,,,,,,,,,,,,,,,,,,,,,,,,,
2011-05,,,,,,,,,,,,,,,,,,,,87.4,,,,,,,,,,,,,,,,,,,,,,,,,,,,,,,,,,,,,,,,
2011-06,,,,,,,,,,,,,,,,,,,,87.5,,,,,,,,,,,,,,,,,,,,,,,,,,,,,,,,,,,,,,,,
2011-07,,,,,,,,,,,,,,,,,,,,87.4,,,,,,,,,,,,,,,,,,,,,,,,,,,,,,,,,,,,,,,,
2011-08,,,,,,,,,,,,,,,,,,,,87.6,,,,,,,,,,,,,,,,,,,,,,,,,,,,,,,,,,,,,,,,
2011-09,,,,,,,,,,,,,,,,,,,,87.6,,,,,,,,,,,,,,,,,,,,,,,,,,,,,,,,,,,,,,,,
2011-10,,,,,,,,,,,,,,,,,,,,87.7,,,,,,,,,,,,,,,,,,,,,,,,,,,,,,,,,,,,,,,,
2011-11,,,,,,,,,,,,,,,,,,,,88.1,,,,,,,,,,,,,,,,,,,,,,,,,,,,,,,,,,,,,,,,
2011-12,,,,,,,,,,,,,,,,,,,,88.1,,,,,,,,,,,,,,,,,,,,,,,,,,,,,,,,,,,,,,,,
2012-01,,,,,,,,,,,,,,,,,,,,88.2,,,,,,,,,,,,,,,,,,,,,,,,,,,,,,,,,,,,,,,,
2012-02,,,,,,,,,,,,,,,,,,,,88.2,,,,,,,,,,,,,,,,,,,,,,,,,,,,,,,,,,,,,,,,
2012-03,,,,,,,,,,,,,,,,,,,,88.2,,,,,,,,,,,,,,,,,,,,,,,,,,,,,,,,,,,,,,,,
2012-04,,,,,,,,,,,,,,,,,,,,88.2,,,,,,,,,,,,,,,,,,,,,,,,,,,,,,,,,,,,,,,,
2012-05,,,,,,,,,,,,,,,,,,,,88.3,,,,,,,,,,,,,,,,,,,,,,,,,,,,,,,,,,,,,,,,
2012-06,,,,,,,,,,,,,,,,,,,,88.2,,,,,,,,,,,,,,,,,,,,,,,,,,,,,,,,,,,,,,,,
2012-07,,,,,,,,,,,,,,,,,,,,88.3,,,,,,,,,,,,,,,,,,,,,,,,,,,,,,,,,,,,,,,,
2012-08,,,,,,,,,,,,,,,,,,,,88.3,,,,,,,,,,,,,,,,,,,,,,,,,,,,,,,,,,,,,,,,
2012-09,,,,,,,,,,,,,,,,,,,,88.5,,,,,,,,,,,,,,,,,,,,,,,,,,,,,,,,,,,,,,,,
2012-10,,,,,,,,,,,,,,,,,,,,88.7,,,,,,,,,,,,,,,,,,,,,,,,,,,,,,,,,,,,,,,,
2012-11,,,,,,,,,,,,,,,,,,,,88.9,,,,,,,,,,,,,,,,,,,,,,,,,,,,,,,,,,,,,,,,
2012-12,,,,,,,,,,,,,,,,,,,,89.5,,,,,,,,,,,,,,,,,,,,,,,,,,,,,,,,,,,,,,,,
2013-01,,,,,,,,,,,,,,,,,,,,89.6,,,,,,,,,,,,,,,,,,,,,,,,,,,,,,,,,,,,,,,,
2013-02,,,,,,,,,,,,,,,,,,,,89.5,,,,,,,,,,,,,,,,,,,,,,,,,,,,,,,,,,,,,,,,
2013-03,,,,,,,,,,,,,,,,,,,,89.6,,,,,,,,,,,,,,,,,,,,,,,,,,,,,,,,,,,,,,,,
2013-04,,,,,,,,,,,,,,,,,,,,89.6,,,,,,,,,,,,,,,,,,,,,,,,,,,,,,,,,,,,,,,,
2013-05,,,,,,,,,,,,,,,,,,,,90.0,,,,,,,,,,,,,,,,,,,,,,,,,,,,,,,,,,,,,,,,
2013-06,,,,,,,,,,,,,,,,,,,,90.0,,,,,,,,,,,,,,,,,,,,,,,,,,,,,,,,,,,,,,,,
2013-07,,,,,,,,,,,,,,,,,,,,90.1,,,,,,,,,,,,,,,,,,,,,,,,,,,,,,,,,,,,,,,,
2013-08,,,,,,,,,,,,,,,,,,,,90.3,,,,,,,,,,,,,,,,,,,,,,,,,,,,,,,,,,,,,,,,
2013-09,,,,,,,,,,,,,,,,,,,,90.2,,,,,,,,,,,,,,,,,,,,,,,,,,,,,,,,,,,,,,,,
2013-10,,,,,,,,,,,,,,,,,,,,90.5,,,,,,,,,,,,,,,,,,,,,,,,,,,,,,,,,,,,,,,,
2013-11,,,,,,,,,,,,,,,,,,,,90.7,,,,,,,,,,,,,,,,,,,,,,,,,,,,,,,,,,,,,,,,
2013-12,,,,,,,,,,,,,,,,,,,,91.2,,,,,,,,,,,,,,,,,,,,,,,,,,,,,,,,,,,,,,,,
2014-01,,,,,,,,,,,,,,,,,,,,91.4,,,,,,,,,,,,,,,,,,,,,,,,,,,,,,,,,,,,,,,,
2014-02,,,,,,,,,,,,,,,,,,,,91.4,,,,,,,,,,,,,,,,,,,,,,,,,,,,,,,,,,,,,,,,
2014-03,,,,,,,,,,,,,,,,,,,,91.5,,,,,,,,,,,,,,,,,,,,,,,,,,,,,,,,,,,,,,,,
2014-04,,,,,,,,,,,,,,,,,,,,91.7,,,,,,,,,,,,,,,,,,,,,,,,,,,,,,,,,,,,,,,,
2014-05,,,,,,,,,,,,,,,,,,,,91.9,,,,,,,,,,,,,,,,,,,,,,,,,,,,,,,,,,,,,,,,
2014-06,,,,,,,,,,,,,,,,,,,,91.9,,,,,,,,,,,,,,,,,,,,,,,,,,,,,,,,,,,,,,,,
2014-07,,,,,,,,,,,,,,,,,,,,92.1,,,,,,,,,,,,,,,,,,,,,,,,,,,,,,,,,,,,,,,,
2014-08,,,,,,,,,,,,,,,,,,,,92.1,,,,,,,,,,,,,,,,,,,,,,,,,,,,,,,,,,,,,,,,
2014-09,,,,,,,,,,,,,,,,,,,,92.1,,,,,,,,,,,,,,,,,,,,,,,,,,,,,,,,,,,,,,,,
2014-10,,,,,,,,,,,,,,,,,,,,92.6,,,,,,,,,,,,,,,,,,,,,,,,,,,,,,,,,,,,,,,,
2014-11,,,,,,,,,,,,,,,,,,,,92.7,,,,,,,,,,,,,,,,,,,,,,,,,,,,,,,,,,,,,,,,
2014-12,,,,,,,,,,,,,,,,,,,,93.0,,,,,,,,,,,,,,,,,,,,,,,,,,,,,,,,,,,,,,,,
2015-01,,,,,,,,,,,,,,,,,,,,92.8,,,,,,,,,,,,,,,,,,,,,,,,,,,,,,,,,,,,,,,,
2015-02,,,,,,,,,,,,,,,,,,,,92.9,,,,,,,,,,,,,,,,,,,,,,,,,,,,,,,,,,,,,,,,
2015-03,,,,,,,,,,,,,,,,,,,,92.9,,,,,,,,,,,,,,,,,,,,,,,,,,,,,,,,,,,,,,,,
2015-04,,,,,,,,,,,,,,,,,,,,93.1,,,,,,,,,,,,,,,,,,,,,,,,,,,,,,,,,,,,,,,,
2015-05,,,,,,,,,,,,,,,,,,,,93.6,,,,,,,,,,,,,,,,,,,,,,,,,,,,,,,,,,,,,,,,
2015-06,,,,,,,,,,,,,,,,,,,,93.9,,,,,,,,,,,,,,,,,,,,,,,,,,,,,,,,,,,,,,,,
2015-07,,,,,,,,,,,,,,,,,,,,93.8,,,,,,,,,,,,,,,,,,,,,,,,,,,,,,,,,,,,,,,,
2015-08,,,,,,,,,,,,,,,,,,,,94.0,,,,,,,,,,,,,,,,,,,,,,,,,,,,,,,,,,,,,,,,
2015-09,,,,,,,,,,,,,,,,,,,,94.0,,,,,,,,,,,,,,,,,,,,,,,,,,,,,,,,,,,,,,,,
2015-10,,,,,,,,,,,,,,,,,,,,94.5,,,,,,,,,,,,,,,,,,,,,,,,,,,,,,,,,,,,,,,,
2015-11,,,,,,,,,,,,,,,,,,,,94.5,,,,,,,,,,,,,,,,,,,,,,,,,,,,,,,,,,,,,,,,
2015-12,,,,,,,,,,,,,,,,,,,,94.8,,,,,,,,,,,,,,,,,,,,,,,,,,,,,,,,,,,,,,,,
2016-01,,,,,,,,,,,,,,,,,,,,94.8,,,,,,,,,,,,,,,,,,,,,,,,,,,,,,,,,,,,,,,,
2016-02,,,,,,,,,,,,,,,,,,,,94.7,,,,,,,,,,,,,,,,,,,,,,,,,,,,,,,,,,,,,,,,
2016-03,,,,,,,,,,,,,,,,,,,,94.4,,,,,,,,,,,,,,,,,,,,,,,,,,,,,,,,,,,,,,,,
2016-04,,,,,,,,,,,,,,,,,,,,94.6,,,,,,,,,,,,,,,,,,,,,,,,,,,,,,,,,,,,,,,,
2016-05,,,,,,,,,,,,,,,,,,,,94.7,,,,,,,,,,,,,,,,,,,,,,,,,,,,,,,,,,,,,,,,
2016-06,,,,,,,,,,,,,,,,,,,,94.7,,,,,,,,,,,,,,,,,,,,,,,,,,,,,,,,,,,,,,,,
2016-07,,,,,,,,,,,,,,,,,,,,94.8,,,,,,,,,,,,,,,,,,,,,,,,,,,,,,,,,,,,,,,,
2016-08,,,,,,,,,,,,,,,,,,,,95.0,,,,,,,,,,,,,,,,,,,,,,,,,,,,,,,,,,,,,,,,
2016-09,,,,,,,,,,,,,,,,,,,,95.1,,,,,,,,,,,,,,,,,,,,,,,,,,,,,,,,,,,,,,,,
2016-10,,,,,,,,,,,,,,,,,,,,95.2,,,,,,,,,,,,,,,,,,,,,,,,,,,,,,,,,,,,,,,,
2016-11,,,,,,,,,,,,,,,,,,,,95.1,,,,,,,,,,,,,,,,,,,,,,,,,,,,,,,,,,,,,,,,
2016-12,,,,,,,,,,,,,,,,,,,,95.3,,,,,,,,,,,,,,,,,,,,,,,,,,,,,,,,,,,,,,,,
2017-01,,,,,,,,,,,,,,,,,,,,95.0,,,,,,,,,,,,,,,,,,,,,,,,,,,,,,,,,,,,,,,,
2017-02,,,,,,,,,,,,,,,,,,,,94.9,,,,,,,,,,,,,,,,,,,,,,,,,,,,,,,,,,,,,,,,
2017-03,,,,,,,,,,,,,,,,,,,,94.9,,,,,,,,,,,,,,,,,,,,,,,,,,,,,,,,,,,,,,,,
2017-04,,,,,,,,,,,,,,,,,,,,95.0,,,,,,,,,,,,,,,,,,,,,,,,,,,,,,,,,,,,,,,,
2017-05,,,,,,,,,,,,,,,,,,,,94.9,,,,,,,,,,,,,,,,,,,,,,,,,,,,,,,,,,,,,,,,
2017-06,,,,,,,,,,,,,,,,,,,,95.1,,,,,,,,,,,,,,,,,,,,,,,,,,,,,,,,,,,,,,,,
2017-07,,,,,,,,,,,,,,,,,,,,95.6,,,,,,,,,,,,,,,,,,,,,,,,,,,,,,,,,,,,,,,,
2017-08,,,,,,,,,,,,,,,,,,,,95.7,,,,,,,,,,,,,,,,,,,,,,,,,,,,,,,,,,,,,,,,
2017-09,,,,,,,,,,,,,,,,,,,,96.1,,,,,,,,,,,,,,,,,,,,,,,,,,,,,,,,,,,,,,,,
2017-10,,,,,,,,,,,,,,,,,,,,96.4,,,,,,,,,,,,,,,,,,,,,,,,,,,,,,,,,,,,,,,,
2017-11,,,,,,,,,,,,,,,,,,,,96.3,,,,,,,,,,,,,,,,,,,,,,,,,,,,,,,,,,,,,,,,
2017-12,,,,,,,,,,,,,,,,,,,,96.7,,,,,,,,,,,,,,,,,,,,,,,,,,,,,,,,,,,,,,,,
2018-01,,,,,,,,,,,,,,,,,,,,97.0,,,,,,,,,,,,,,,,,,,,,,,,,,,,,,,,,,,,,,,,
2018-02,,,,,,,,,,,,,,,,,,,,97.5,,,,,,,,,,,,,,,,,,,,,,,,,,,,,,,,,,,,,,,,
2018-03,,,,,,,,,,,,,,,,,,,,97.4,,,,,,,,,,,,,,,,,,,,,,,,,,,,,,,,,,,,,,,,
2018-04,,,,,,,,,,,,,,,,,,,,97.6,,,,,,,,,,,,,,,,,,,,,,,,,,,,,,,,,,,,,,,,
2018-05,,,,,,,,,,,,,,,,,,,,97.7,,,,,,,,,,,,,,,,,,,,,,,,,,,,,,,,,,,,,,,,
2018-06,,,,,,,,,,,,,,,,,,,,97.8,,,,,,,,,,,,,,,,,,,,,,,,,,,,,,,,,,,,,,,,
2018-07,,,,,,,,,,,,,,,,,,,,97.8,,,,,,,,,,,,,,,,,,,,,,,,,,,,,,,,,,,,,,,,
2018-08,,,,,,,,,,,,,,,,,,,,98.1,,,,,,,,,,,,,,,,,,,,,,,,,,,,,,,,,,,,,,,,
2018-09,,,,,,,,,,,,,,,,,,,,98.1,,,,,,,,,,,,,,,,,,,,,,,,,,,,,,,,,,,,,,,,
2018-10,,,,,,,,,,,,,,,,,,,,97.8,,,,,,,,,,,,,,,,,,,,,,,,,,,,,,,,,,,,,,,,
2018-11,,,,,,,,,,,,,,,,,,,,98.1,,,,,,,,,,,,,,,,,,,,,,,,,,,,,,,,,,,,,,,,
2018-12,,,,,,,,,,,,,,,,,,,,99.2,,,,,,,,,,,,,,,,,,,,,,,,,,,,,,,,,,,,,,,,
2019-01,99.3,101.3,99.4,99.8,100.3,99.9,101.3,100.6,98.7,99.2,101.3,100.0,99.3,101.3,99.6,100.1,98.8,99.9,99.5,99.4,100.2,99.7,100.2,99.1,98.5,100.3,97.7,98.9,99.8,100.3,101.4,98.6,99.4,98.8,98.9,99.6,99.4,100.7,99.3,99.7,100.1,98.9,100.5,99.2,99.5,99.4,99.7,100.0,100.0,100.3,100.1,98.4,99.4,98.0,98.6,98.7,99.4,99.5,99.2,99.1
2019-02,99.4,101.1,98.9,99.6,100.1,99.9,101.1,100.5,98.8,99.2,101.2,99.9,99.7,101.3,98.8,100.0,98.9,99.8,99.1,99.2,100.1,99.3,100.3,98.8,98.5,100.6,97.5,99.0,99.6,100.3,101.2,98.6,99.3,98.0,98.5,99.7,99.5,100.6,98.6,99.5,99.7,98.9,100.7,99.4,99.6,100.2,99.4,99.5,99.1,100.3,100.1,98.5,99.1,97.8,98.5,98.8,99.4,99.1,99.0,98.9
2019-03,99.5,100.9,99.3,99.8,100.1,99.9,101.0,100.5,99.1,99.2,101.3,100.1,101.1,101.1,99.6,100.7,99.0,100.0,99.5,99.5,100.1,99.2,99.5,99.2,98.7,100.7,98.5,99.3,100.0,99.8,101.1,98.7,99.7,98.7,99.0,99.7,99.6,100.4,99.2,99.7,99.7,99.0,100.7,99.6,99.8,100.0,100.4,99.5,99.1,99.8,100.1,98.6,99.6,99.1,99.0,99.2,99.3,99.2,99.2,99.3
2019-04,100.0,100.0,100.2,100.0,100.5,99.9,98.8,99.4,98.4,98.8,98.4,98.5,100.3,99.6,99.9,99.9,99.7,99.6,99.2,99.4,99.8,100.1,99.8,99.6,98.9,99.8,98.8,99.2,100.0,99.9,98.8,100.1,99.3,99.3,99.6,99.7,99.9,100.0,99.9,99.9,99.8,99.2,100.1,99.0,99.4,99.3,100.2,99.7,99.9,100.0,99.4,100.0,99.3,99.0,99.6,98.4,98.9,99.9,98.9,99.6
2019-05,99.6,99.9,99.8,99.7,100.5,100.0,99.0,99.5,99.2,98.8,98.2,98.6,99.1,99.6,99.9,99.5,99.8,99.4,99.6,99.6,99.8,99.8,99.9,100.1,99.0,98.6,99.2,98.9,100.0,100.0,99.1,100.2,99.3,100.2,100.0,99.9,99.7,99.9,99.9,99.8,99.8,99.2,99.4,99.4,99.3,99.3,100.2,99.9,100.3,100.0,99.5,100.2,99.2,99.8,99.8,99.2,98.9,99.3,99.1,100.4
2019-06,100.0,99.4,100.3,100.0,100.5,100.0,98.5,99.3,99.5,98.3,98.2,98.7,100.3,100.1,99.9,100.1,99.9,99.3,99.5,99.6,99.7,99.9,100.1,100.3,98.6,98.1,100.1,98.7,100.1,100.9,98.3,100.3,99.5,99.8,99.9,100.0,100.0,99.6,100.4,100.0,99.7,98.9,99.0,99.8,99.3,99.2,100.4,100.0,100.3,100.9,99.5,100.2,99.3,100.2,99.9,99.6,98.5,99.3,99.2,100.3
2019-07,100.5,99.7,100.6,100.3,100.5,100.1,99.5,99.8,100.3,99.7,98.9,99.6,101.0,99.8,100.3,100.4,100.2,100.0,100.1,100.1,100.0,100.5,100.2,100.9,101.3,99.6,100.8,100.6,100.2,100.4,99.4,99.8,100.2,100.3,100.1,100.3,100.4,99.8,101.0,100.4,100.2,101.0,99.8,100.2,100.3,100.4,100.5,100.3,100.3,100.4,99.9,99.8,100.2,101.1,100.2,100.3,99.9,100.4,100.2,100.9
2019-08,100.5,100.0,100.1,100.3,99.8,100.0,99.0,99.5,100.7,99.7,100.8,100.5,101.1,100.0,100.8,100.6,100.5,100.3,100.4,100.4,99.9,100.0,100.0,100.9,101.3,100.1,100.8,100.8,99.9,99.9,99.0,100.4,100.7,100.3,100.4,100.3,100.4,100.0,100.6,100.3,100.2,101.1,100.1,100.3,100.4,100.4,99.8,100.3,100.2,99.9,100.2,100.5,100.8,100.5,100.6,100.8,100.0,100.1,100.4,100.8
2019-09,99.9,99.4,100.2,99.9,99.6,100.0,99.1,99.5,101.4,100.1,100.7,100.8,98.9,99.4,100.3,99.5,100.5,100.2,100.5,100.4,100.0,100.2,100.3,99.9,101.3,100.8,101.7,101.2,100.0,99.3,99.3,100.3,100.4,100.6,100.5,100.2,99.9,99.7,100.3,100.0,100.2,101.1,100.1,100.4,100.5,99.6,99.8,100.7,100.8,99.2,100.2,100.4,100.5,101.1,100.6,101.3,100.5,100.3,100.8,99.9
2019-10,100.6,99.8,99.7,100.1,99.4,100.1,99.9,99.9,101.3,102.2,100.1,101.0,99.7,99.4,100.4,99.8,100.8,100.6,100.6,100.6,100.0,99.9,100.0,100.1,100.8,100.2,101.6,100.8,100.2,99.4,99.9,100.8,100.7,101.1,100.9,100.2,100.5,100.1,99.6,100.1,100.1,100.5,99.7,100.7,100.4,100.4,99.6,100.0,100.0,99.4,100.3,101.1,100.9,100.7,100.9,101.2,101.5,100.7,101.1,99.9
2019-11,100.6,99.2,100.1,100.1,99.5,100.1,100.8,100.4,101.3,102.4,100.1,101.0,100.2,99.2,100.1,99.8,100.9,100.7,100.8,100.8,100.1,100.3,99.9,100.7,101.2,100.6,101.7,101.1,100.2,99.8,100.7,101.0,100.9,101.1,101.0,100.1,100.5,99.7,100.1,100.2,100.2,100.8,100.0,101.0,100.6,100.8,100.0,100.0,100.0,99.7,100.4,101.1,101.1,101.2,101.1,101.2,101.9,100.6,101.2,100.5
2019-12,100.2,99.2,101.3,100.3,99.5,100.1,101.9,101.0,101.3,102.4,100.8,101.3,99.3,99.4,100.6,99.7,101.0,100.5,101.3,101.0,100.2,101.1,99.9,100.5,101.9,100.7,101.8,101.5,100.1,100.1,101.9,101.2,100.6,101.6,101.2,100.1,100.2,99.7,101.0,100.3,100.3,101.4,100.0,101.0,100.8,100.9,100.0,100.1,100.0,100.1,100.4,101.3,100.7,101.5,101.2,101.2,101.8,101.5,101.5,100.4
2020-01,101.2,99.8,99.5,100.4,101.9,99.6,100.7,100.4,101.0,102.5,101.3,101.5,99.8,99.0,98.5,99.1,102.4,100.5,100.3,101.1,100.2,100.9,98.3,99.9,101.7,99.8,102.1,101.2,100.6,99.9,100.4,103.9,100.4,99.9,101.5,98.5,101.2,99.8,99.5,100.3,100.3,101.3,99.9,100.8,100.7,102.0,100.4,100.5,100.3,99.9,101.7,104.6,100.3,100.5,102.3,100.4,103.3,103.6,102.1,99.8
2020-02,100.6,99.3,99.6,100.0,101.9,99.6,100.3,100.1,101.0,103.0,100.8,101.4,98.1,98.6,98.1,98.3,102.4,100.5,99.7,100.8,100.2,100.9,98.2,99.2,101.9,99.6,102.3,101.3,100.6,99.7,100.0,103.9,100.4,98.6,101.0,98.5,100.7,99.5,99.2,100.0,100.3,101.5,99.8,101.1,100.8,102.6,100.5,100.5,100.3,99.8,101.7,104.6,100.2,98.3,101.7,100.4,104.0,102.1,101.9,99.1
2020-03,100.6,99.4,99.2,99.9,101.9,99.6,94.5,97.3,101.1,103.2,101.1,101.6,98.4,98.8,98.2,98.5,99.4,100.6,99.6,99.8,100.2,100.6,98.1,98.8,102.0,100.2,100.6,101.1,100.7,100.3,93.8,97.4,100.4,99.3,98.9,98.4,100.7,99.5,98.6,99.8,100.3,101.5,100.2,100.6,100.8,102.7,100.6,100.1,101.3,100.4,101.7,95.4,100.5,99.5,97.9,100.4,104.3,103.3,102.3,98.7
2020-04,98.0,96.9,96.3,97.3,101.9,97.7,97.2,97.8,101.4,101.5,99.3,100.5,96.8,96.3,92.9,95.5,99.4,100.2,98.6,99.3,100.2,99.4,95.8,98.3,102.2,100.7,100.3,101.2,99.8,99.6,95.8,98.1,100.7,98.0,98.7,96.8,98.7,97.6,96.1,97.6,99.3,101.6,101.2,100.8,101.1,103.0,100.6,99.5,100.5,99.6,101.8,97.4,101.0,99.0,98.9,100.2,101.6,97.9,99.9,98.3
2020-05,91.6,97.2,96.4,94.4,101.8,97.6,97.2,97.7,101.6,101.5,98.8,100.4,96.3,96.3,92.8,95.3,98.2,100.1,98.3,98.7,100.2,92.3,95.8,99.1,101.8,99.0,100.5,100.6,99.9,97.4,96.3,98.2,100.8,97.9,98.7,96.7,93.4,97.8,96.6,95.5,99.3,101.3,100.2,99.7,100.3,101.2,100.6,99.5,100.5,97.3,101.8,97.5,101.1,98.9,99.0,100.4,101.6,97.2,99.9,99.2
2020-06,91.4,97.6,97.1,94.6,101.7,97.6,98.0,98.1,102.0,101.3,99.1,100.6,95.4,96.7,95.1,95.8,98.2,99.6,98.0,98.5,100.2,92.2,95.7,99.0,101.7,94.2,99.5,98.7,100.0,99.1,96.5,98.2,101.0,97.2,98.5,96.9,93.1,98.2,96.9,95.6,99.3,101.2,97.6,99.5,99.4,101.3,100.7,99.2,100.6,99.1,101.9,97.5,101.3,98.6,98.9,100.8,101.3,98.0,100.2,99.0
2020-07,91.0,97.9,93.7,93.4,101.6,98.5,98.1,98.6,102.1,102.8,99.0,100.9,96.1,97.2,93.7,95.8,98.4,101.3,98.7,99.3,100.3,89.3,96.7,99.5,101.6,103.1,99.6,101.6,99.7,100.5,97.1,99.0,101.1,99.5,99.7,97.1,92.7,98.6,94.4,94.7,99.7,101.1,103.5,99.8,101.2,103.8,98.6,98.6,98.9,100.5,101.4,99.0,101.4,100.1,100.0,101.1,103.7,97.9,101.0,99.4
2020-08,90.7,97.5,93.7,93.2,101.6,98.5,98.5,98.8,102.1,102.8,98.9,100.9,95.8,96.5,93.5,95.4,98.7,101.4,99.0,99.5,100.5,89.1,96.7,100.2,101.8,104.1,99.5,102.0,100.0,100.4,97.3,99.6,101.3,100.0,100.2,96.8,92.5,98.3,94.7,94.6,99.9,101.3,104.2,99.7,101.4,103.7,99.2,98.6,98.9,100.5,101.4,99.9,101.6,100.8,100.6,101.1,103.5,97.8,100.9,100.1
2020-09,91.4,97.5,92.7,93.2,101.8,98.6,98.7,98.9,102.1,103.3,98.7,100.9,97.4,96.7,93.3,95.9,98.9,101.5,98.0,99.2,100.1,88.5,96.3,100.0,102.4,104.5,99.9,102.5,100.0,99.4,98.0,99.7,101.2,98.0,99.4,97.2,93.0,98.3,93.9,94.6,99.9,101.8,104.4,99.9,101.7,104.2,99.5,98.6,98.9,99.4,102.7,99.9,101.5,98.8,100.1,101.1,104.1,97.1,100.9,100.0
2020-10,96.8,94.6,95.5,95.9,104.9,99.1,97.9,99.0,103.0,104.2,93.8,99.3,97.3,93.2,87.5,93.0,100.3,101.7,93.6,98.0,100.1,90.7,95.7,100.0,102.2,104.7,99.2,102.3,100.6,96.2,98.8,100.4,102.2,89.5,96.7,97.0,97.2,96.2,95.8,96.5,99.9,101.7,104.6,98.8,101.2,105.6,100.2,96.8,98.4,96.1,101.3,99.9,102.8,80.8,96.3,101.3,106.2,97.3,101.6,100.1
2020-11,96.9,94.4,93.6,95.4,105.3,99.1,100.9,100.5,102.9,104.0,94.9,99.7,97.3,92.8,88.4,93.2,100.8,101.9,95.9,99.1,100.2,89.2,96.7,100.0,102.2,106.6,99.2,103.0,100.8,97.7,101.3,101.3,102.2,94.7,99.0,101.7,97.3,96.1,94.4,96.1,100.0,101.7,105.7,98.5,101.4,105.2,101.1,96.8,98.5,97.6,102.4,100.0,102.9,90.4,98.6,101.3,106.6,100.4,102.6,100.1
2020-12,96.6,94.2,91.3,94.5,105.3,99.2,100.4,100.3,102.9,103.5,95.3,99.7,96.3,92.5,87.7,92.5,100.7,101.8,95.6,99.0,100.2,87.6,97.2,99.4,102.3,107.4,98.1,103.1,100.7,99.0,100.5,101.3,101.7,95.0,99.0,102.0,97.2,96.0,92.2,95.3,100.0,101.8,106.3,98.1,101.4,105.0,100.3,96.5,98.5,99.0,102.4,100.0,102.0,90.9,98.5,101.3,105.8,100.5,102.4,99.5
2021-01,96.3,95.3,93.6,95.3,103.7,99.1,101.0,100.4,105.8,102.8,94.5,100.2,96.0,93.7,88.4,93.0,101.4,102.5,94.7,99.1,100.2,89.1,99.2,100.7,102.8,107.6,100.6,103.9,99.2,98.5,101.7,101.9,103.3,92.4,98.6,102.4,97.0,96.6,94.5,96.1,101.3,101.8,106.5,98.2,101.5,105.0,100.5,96.5,98.2,98.5,103.1,101.2,103.8,87.6,98.8,105.1,106.4,98.3,103.6,100.8
2021-02,96.8,97.2,93.5,95.9,103.6,98.8,98.9,99.2,105.7,103.5,94.6,100.3,96.0,94.2,88.6,93.2,101.5,103.0,96.3,99.8,100.0,90.0,99.1,100.8,103.0,108.1,100.4,104.1,98.9,98.8,99.4,101.9,103.5,96.3,100.2,102.6,97.3,97.9,94.5,96.6,101.1,102.1,106.8,98.1,101.6,105.1,99.6,96.5,98.2,98.9,103.1,101.2,103.9,94.9,100.5,104.9,107.3,98.4,103.8,100.9
2021-03,96.9,97.5,95.7,96.7,103.6,98.8,96.3,97.9,106.4,103.2,94.3,100.4,96.9,94.6,92.4,94.8,101.8,102.7,96.4,99.9,99.8,90.4,98.9,101.4,103.0,108.2,101.3,104.3,98.4,98.2,97.3,102.1,102.9,96.3,100.1,102.4,97.4,98.2,96.4,97.3,101.0,102.2,106.8,98.4,101.7,105.1,96.9,96.5,98.2,98.2,103.1,101.2,103.0,94.6,100.2,106.0,106.8,97.6,103.9,101.5
2021-04,99.8,95.9,97.3,98.1,103.2,99.2,94.2,97.1,106.6,104.8,94.9,101.1,97.9,91.6,93.2,94.4,102.3,102.7,97.0,100.3,100.9,93.1,99.4,96.2,103.2,107.8,101.3,104.3,98.6,97.6,95.4,102.1,103.2,97.6,100.6,102.8,99.8,96.7,95.6,97.7,101.7,102.4,106.4,98.6,101.8,105.7,97.1,96.5,100.2,97.6,101.9,101.1,103.4,96.5,100.7,106.1,108.8,99.9,105.2,96.2
2021-05,100.5,95.6,96.2,98.1,103.2,99.2,97.3,98.6,106.7,105.0,94.8,101.1,98.9,91.3,93.8,94.8,102.5,102.9,96.7,100.3,101.1,92.5,99.9,98.1,103.6,107.9,102.2,104.7,98.6,98.4,98.3,102.1,103.5,97.1,100.5,103.0,100.5,96.5,95.5,98.0,101.9,102.7,106.4,98.1,101.6,102.5,97.2,96.9,100.0,98.5,101.8,101.2,103.6,95.5,100.5,106.2,109.2,99.7,105.3,98.1
2021-06,100.3,96.0,95.1,97.7,103.2,99.1,92.9,96.4,106.7,105.1,94.8,101.1,98.9,91.9,93.3,94.8,102.6,103.6,96.7,100.5,100.5,91.7,99.0,100.7,104.1,108.8,102.6,105.3,98.6,99.0,93.6,102.1,104.5,97.4,100.9,103.2,100.4,97.0,95.7,98.1,101.5,103.1,107.2,98.2,102.0,102.9,97.2,97.1,99.8,99.0,101.8,101.2,104.8,96.6,101.2,106.2,109.3,99.7,105.3,100.8
2021-07,100.0,95.8,96.4,97.9,103.7,99.1,91.8,95.9,108.9,103.7,95.2,101.7,98.2,91.3,92.6,94.2,103.6,102.9,97.2,100.9,99.9,92.9,100.3,97.4,105.0,106.9,102.2,105.0,98.6,98.5,92.8,103.5,104.2,98.6,101.8,103.1,100.1,96.7,95.4,97.8,100.9,103.7,105.9,98.4,101.9,102.8,97.0,97.1,99.7,98.5,102.1,102.2,104.9,97.5,101.9,107.9,107.7,101.0,105.9,97.4
2021-08,100.4,95.6,95.7,97.9,103.8,99.2,92.9,96.4,108.3,104.7,96.9,102.5,99.7,91.1,92.2,94.5,103.8,103.1,97.8,101.2,99.9,92.6,99.6,98.1,105.6,106.8,102.0,105.2,98.8,98.6,93.8,103.8,104.2,99.3,102.2,102.9,100.5,96.7,95.0,97.9,100.9,104.2,105.9,98.4,102.0,102.9,97.0,97.1,99.6,98.6,102.2,102.6,105.0,97.4,102.1,107.9,109.2,100.6,106.2,98.1
2021-09,100.6,95.1,97.2,98.3,103.9,99.1,93.9,96.9,108.8,104.7,96.6,102.5,100.2,90.4,91.4,94.2,104.0,103.4,98.1,101.5,99.9,93.8,99.4,100.3,105.8,108.9,102.3,106.0,98.8,98.7,94.8,103.8,104.5,99.4,102.3,103.0,100.7,96.4,96.9,98.4,100.9,104.4,107.2,98.4,102.5,103.0,96.7,97.0,99.3,98.7,102.3,102.6,105.2,98.3,102.4,108.5,109.2,100.1,106.4,100.3
2021-10,102.5,95.2,97.0,99.2,104.1,98.2,94.8,97.0,109.2,105.4,97.8,103.4,100.1,90.5,91.7,94.3,104.8,103.5,98.3,101.9,99.6,94.4,99.8,100.6,107.2,108.2,102.7,106.5,98.9,97.2,95.4,104.0,104.7,99.2,102.3,103.3,102.7,96.2,96.5,99.2,100.8,105.6,107.3,98.7,103.0,103.4,96.6,97.0,99.2,97.1,102.3,102.9,105.5,98.5,102.7,108.4,109.9,100.2,106.6,100.7
2021-11,102.5,95.1,97.2,99.2,104.3,98.4,96.6,98.0,109.5,105.7,97.9,103.6,99.5,90.3,91.4,94.0,104.8,103.6,98.5,102.0,99.9,94.9,100.6,99.7,107.2,108.5,102.6,106.6,99.0,96.4,97.6,104.0,104.7,99.1,102.3,103.2,102.7,96.2,96.1,99.1,101.0,105.6,107.6,99.5,103.4,103.6,97.5,96.9,99.2,96.3,102.4,102.9,105.6,97.9,102.5,108.6,110.3,100.4,106.8,99.8
2021-12,102.7,95.2,99.0,99.8,104.3,98.5,100.4,99.9,109.6,105.8,99.2,104.2,100.0,90.4,94.7,95.1,104.8,103.9,99.6,102.5,99.9,95.2,101.3,99.2,107.5,109.2,103.1,107.1,99.0,97.6,101.1,103.9,105.0,100.6,102.9,103.2,102.9,96.2,97.3,99.5,101.0,105.8,108.1,99.4,103.5,103.4,97.3,97.0,99.2,97.6,102.5,102.7,105.6,101.6,103.3,108.7,110.4,103.8,107.8,99.3
2022-01,103.2,96.6,99.7,100.6,107.9,98.6,99.5,99.8,110.9,105.9,103.0,106.3,101.6,91.6,95.3,96.3,105.7,104.2,100.3,103.2,99.6,95.9,101.0,99.9,108.0,109.4,103.4,107.4,100.0,97.3,100.4,104.5,105.4,100.8,103.3,103.4,104.0,97.5,97.4,100.3,100.8,106.4,107.5,99.3,103.5,103.5,98.0,98.3,100.0,97.3,102.8,103.1,106.6,103.3,104.2,110.4,110.6,103.6,108.6,100.0
2022-02,103.6,96.0,99.1,100.5,107.9,98.7,99.9,100.0,111.0,106.5,102.5,106.3,102.6,90.7,93.6,95.8,106.0,104.4,100.2,103.3,99.7,96.0,101.3,101.5,108.0,110.6,103.5,107.8,100.1,97.4,100.8,104.9,105.8,100.6,103.5,103.6,104.4,96.9,97.6,100.4,100.8,106.4,108.2,99.3,103.7,103.8,97.8,98.3,99.9,97.3,102.8,103.6,107.0,102.2,104.3,110.5,111.2,103.0,108.6,101.6
2022-03,103.9,96.7,101.3,101.4,107.9,98.8,104.3,102.3,111.0,106.5,102.9,106.4,103.2,91.4,96.3,97.1,106.1,104.5,100.5,103.4,99.8,97.0,102.1,103.2,108.1,110.1,103.5,107.7,99.9,98.6,105.1,104.9,105.7,99.7,103.1,103.5,104.6,97.5,100.0,101.4,100.9,106.4,108.0,99.5,103.7,104.2,97.8,98.4,99.8,98.6,102.8,103.6,106.9,102.3,104.3,110.5,111.1,103.0,108.6,103.0
2022-04,105.0,96.7,102.5,102.3,107.9,99.1,106.7,103.6,111.2,108.0,103.0,106.9,105.7,91.7,96.8,98.2,107.3,104.8,101.2,104.2,100.5,97.5,102.7,103.3,108.8,109.2,103.9,107.8,100.0,99.1,107.5,106.8,106.5,100.3,104.2,105.5,105.9,97.0,101.1,102.2,101.5,107.0,107.4,100.3,104.1,103.5,98.0,99.4,102.3,99.1,102.4,105.7,107.9,102.8,105.7,110.7,111.5,104.7,109.3,103.1
2022-05,105.2,96.5,102.5,102.4,107.9,98.6,108.8,104.4,111.3,108.2,103.4,107.1,105.7,91.6,96.8,98.2,107.5,105.2,101.8,104.6,101.2,97.5,101.1,103.5,108.8,109.4,103.9,107.9,100.1,99.4,109.0,107.0,107.3,101.1,104.8,105.6,106.0,96.9,101.2,102.3,102.0,107.3,107.6,100.7,104.4,104.3,97.6,99.5,102.4,99.4,102.4,105.7,108.4,104.2,106.2,110.8,111.8,105.5,109.6,103.3
2022-06,105.2,95.8,103.0,102.4,107.9,98.9,110.4,105.3,111.5,108.1,103.2,107.1,106.3,91.4,97.5,98.5,107.6,105.1,101.6,104.6,101.2,97.3,102.4,103.6,109.6,108.8,103.8,108.0,100.0,99.7,110.8,107.0,107.6,102.0,105.2,105.9,106.1,96.5,101.6,102.3,102.0,107.9,107.2,98.1,103.3,104.1,96.8,99.5,102.4,99.7,102.4,105.7,108.7,105.3,106.6,111.1,111.6,105.2,109.6,103.4
2022-07,105.3,96.0,106.0,103.4,107.1,99.0,110.4,105.3,112.6,107.7,103.8,107.6,106.5,91.9,99.1,99.2,108.0,104.8,101.7,104.7,101.4,99.1,101.5,101.9,109.6,108.4,102.9,107.7,99.8,100.3,110.7,107.4,106.9,101.6,105.0,104.7,106.3,96.3,103.1,102.8,102.2,108.1,107.6,98.0,103.4,104.5,96.9,99.5,102.8,100.3,103.6,105.9,108.5,104.9,106.5,111.9,111.8,106.4,110.3,101.6
2022-08,105.5,96.2,104.4,103.0,106.2,99.3,110.6,105.4,112.6,107.9,104.3,107.9,106.5,91.8,98.7,99.1,108.2,105.1,102.0,104.9,101.4,98.3,102.4,103.2,109.6,108.6,103.0,107.8,99.7,100.8,110.8,107.5,107.2,101.9,105.3,105.4,106.4,96.4,102.5,102.7,102.2,108.3,107.7,98.6,103.7,104.5,96.0,99.2,102.5,100.9,103.6,106.0,108.9,105.2,106.7,111.9,112.1,107.3,110.7,102.9
2022-09,105.5,96.2,106.1,103.5,106.3,99.0,111.7,105.9,112.9,108.0,104.3,108.0,107.2,91.7,99.4,99.5,108.5,105.1,102.3,105.2,101.6,99.3,101.6,103.0,109.7,109.1,103.2,108.0,99.5,101.3,111.6,108.1,107.2,102.0,105.5,104.7,106.4,96.4,103.7,103.1,102.4,108.3,108.0,98.7,103.9,104.9,96.1,99.3,102.6,101.4,103.6,106.7,108.9,104.7,106.9,112.3,112.3,107.5,111.0,102.8
2022-10,105.7,96.4,105.4,103.4,109.1,99.2,113.4,107.1,113.4,107.4,104.6,108.2,107.2,91.9,98.9,99.5,110.7,104.6,102.3,105.8,102.0,99.1,102.4,103.4,112.9,108.9,103.3,109.4,100.5,101.5,113.5,111.7,106.3,101.8,106.5,104.8,107.0,96.3,103.0,103.1,102.8,110.6,107.9,98.8,104.5,104.5,96.9,99.3,102.8,101.6,104.0,111.7,108.0,104.7,108.9,112.9,111.4,108.3,111.2,103.1
2022-11,105.7,96.5,105.6,103.5,109.2,99.2,113.4,107.1,113.5,107.3,104.6,108.2,107.1,92.1,98.3,99.3,110.9,105.0,102.5,106.1,102.1,99.4,101.9,103.1,112.9,109.3,103.3,109.5,100.7,102.0,113.1,111.7,107.0,102.5,107.0,106.9,107.0,96.4,102.8,103.1,102.9,111.3,108.2,98.6,104.7,105.8,97.0,99.2,102.5,102.1,104.0,111.7,108.3,105.2,109.1,113.0,111.3,108.5,111.2,102.7
2022-12,105.7,95.8,107.3,103.9,109.3,100.3,115.3,108.5,113.7,107.3,104.8,108.4,107.2,91.6,99.9,99.6,110.9,105.1,103.4,106.4,102.1,100.0,102.3,103.8,113.0,109.4,102.8,109.4,100.6,105.8,114.8,111.7,107.2,103.7,107.5,107.3,107.1,95.9,104.5,103.5,102.9,111.4,108.3,98.7,104.8,105.8,97.1,99.5,103.1,106.1,104.0,111.7,108.6,107.1,109.6,113.2,111.4,108.9,111.5,103.3
2023-01,105.8,95.6,107.4,103.9,113.4,100.7,115.0,108.8,114.4,107.5,104.6,108.5,107.9,91.2,100.1,99.9,112.5,105.0,103.1,106.9,102.5,99.8,102.9,103.4,115.0,109.7,103.5,110.6,102.6,106.0,114.2,114.4,106.8,103.0,108.2,107.6,107.0,95.8,104.7,103.5,103.3,113.0,108.6,98.8,105.4,105.8,97.5,99.7,103.2,106.3,104.2,114.5,108.0,105.4,110.3,114.1,112.0,108.3,111.9,102.9
2023-02,105.6,95.8,106.6,103.6,113.4,100.8,114.8,108.7,114.6,107.6,104.3,108.5,107.3,91.2,99.6,99.4,112.8,105.0,103.0,106.9,102.9,99.4,103.2,104.6,115.3,109.1,103.4,110.5,102.6,105.8,114.0,114.6,106.8,103.1,108.3,108.8,107.2,95.9,104.0,103.4,103.6,113.3,108.2,98.8,105.3,105.8,97.5,99.4,103.2,106.0,104.2,114.7,107.9,105.5,110.4,114.4,112.1,109.0,112.2,104.1
2023-03,106.3,96.0,106.4,103.9,113.6,100.6,114.7,108.6,114.7,107.8,104.2,108.5,109.3,91.4,99.0,100.1,113.0,105.3,103.1,107.1,102.9,99.4,102.8,103.9,115.4,109.1,104.5,110.8,102.5,105.3,114.0,114.9,107.4,103.3,108.6,109.1,107.5,96.1,103.9,103.5,103.6,113.7,108.3,99.1,105.6,106.0,96.9,99.5,103.4,105.6,104.2,115.1,108.5,105.8,110.8,114.4,112.5,108.8,112.3,103.4
2023-04,106.4,95.9,108.8,104.7,113.3,100.8,114.6,108.7,114.9,107.5,104.4,108.7,109.6,91.4,99.6,100.4,113.1,105.3,103.4,107.2,102.9,101.1,103.0,104.5,115.1,109.1,104.8,110.7,102.9,105.0,114.0,115.0,107.3,103.2,108.6,109.3,107.8,96.2,105.8,104.2,103.5,113.3,108.3,99.3,105.6,106.3,98.7,99.8,103.8,105.2,104.5,115.0,108.8,105.9,110.9,114.7,111.9,108.9,112.3,104.0
2023-05,106.9,96.1,109.5,105.2,113.3,100.8,116.2,109.5,114.9,108.0,103.8,108.5,111.2,91.5,100.7,101.3,113.3,105.5,103.8,107.5,102.7,101.3,103.7,104.7,115.3,109.4,105.2,111.0,102.7,106.3,115.3,115.1,107.6,103.8,108.9,109.5,108.2,96.2,106.3,104.6,103.2,113.4,108.6,99.9,106.0,107.2,98.2,99.7,103.7,106.6,104.5,115.1,109.0,106.3,111.1,114.7,112.6,110.2,112.9,104.2
2023-06,107.0,96.1,109.7,105.3,113.3,100.6,116.2,109.4,115.2,108.1,104.0,108.7,111.5,92.1,102.2,102.0,113.5,105.7,104.2,107.8,102.7,100.9,102.9,104.7,116.6,109.5,104.9,111.5,102.7,106.6,115.0,115.1,107.8,104.6,109.3,109.6,108.2,96.4,106.3,104.7,103.2,114.5,108.8,100.2,106.5,109.1,98.2,99.4,102.9,106.8,104.5,115.1,109.2,107.4,111.4,114.7,112.6,109.3,112.6,104.2
2023-07,107.2,95.8,109.9,105.3,113.2,100.7,116.4,109.5,115.3,108.0,104.4,108.8,111.4,92.1,102.4,102.1,113.6,105.8,104.2,107.9,102.6,100.7,103.4,104.7,116.8,110.0,106.1,112.1,103.0,106.7,115.1,115.2,108.1,104.3,109.2,109.6,108.3,96.1,106.8,104.8,103.2,114.7,109.1,100.1,106.6,107.7,98.2,100.3,103.9,107.0,104.7,115.2,109.5,106.7,111.4,114.8,112.6,110.1,112.9,104.2
2023-08,107.5,95.8,110.8,105.8,113.2,100.6,116.7,109.6,115.3,108.3,104.3,108.9,112.4,91.8,103.6,102.7,113.8,105.8,104.7,108.1,102.7,101.2,103.5,104.7,116.8,110.0,106.5,112.2,102.7,107.0,115.3,115.5,107.8,105.2,109.6,109.7,108.6,96.2,107.4,105.2,103.2,114.7,109.2,100.2,106.6,107.9,98.2,100.3,104.0,107.3,104.7,115.3,109.1,108.4,111.7,114.8,113.0,109.9,112.9,104.2
2023-09,107.6,96.3,111.4,106.1,113.2,100.7,116.9,109.7,115.5,108.2,104.1,108.8,112.0,92.0,104.1,102.8,113.8,106.0,105.1,108.3,102.7,101.8,103.8,105.0,116.6,109.7,105.9,111.9,102.8,107.3,115.5,115.5,108.3,105.9,110.0,109.7,108.7,96.3,108.1,105.4,103.2,114.5,109.2,100.1,106.5,108.1,97.8,100.2,103.8,107.6,104.2,115.3,109.7,109.1,112.1,114.9,112.9,109.3,112.8,104.5
2023-10,108.3,96.2,111.3,106.3,112.9,101.0,115.3,109.0,115.5,108.5,104.2,108.9,112.0,91.8,103.9,102.7,114.3,106.0,105.1,108.5,104.9,102.5,103.7,105.4,116.5,110.2,106.7,112.2,102.4,106.8,114.4,116.2,108.0,106.0,110.2,109.8,109.3,96.3,108.1,105.7,104.6,114.8,109.6,100.3,106.8,108.8,98.4,100.4,104.2,107.1,104.7,116.2,109.2,109.4,112.4,114.9,113.3,109.6,113.0,104.9
2023-11,108.5,96.0,111.5,106.5,113.0,101.0,116.3,109.5,115.5,109.3,104.2,109.1,112.6,91.6,102.7,102.4,114.2,105.9,105.7,108.6,105.1,103.2,103.8,106.2,116.4,109.6,107.5,112.1,102.4,107.8,115.0,115.8,107.9,106.5,110.2,109.7,109.7,96.1,108.5,105.9,104.7,114.7,109.2,101.3,107.1,110.7,98.1,100.5,104.2,108.1,104.7,115.6,109.1,110.1,112.3,114.9,113.8,109.7,113.1,105.7
2023-12,108.6,96.5,114.5,107.5,113.0,101.0,118.1,110.4,115.6,108.7,104.9,109.3,112.8,92.2,106.1,103.8,114.4,106.0,106.1,108.9,105.1,104.4,104.3,106.5,116.4,109.6,107.2,112.1,102.7,109.3,116.2,116.2,108.0,106.2,110.3,109.7,109.7,96.4,111.0,106.8,104.6,114.7,109.2,101.1,107.0,110.8,97.6,100.6,104.4,109.7,104.7,116.3,109.2,110.7,112.8,115.1,112.9,111.6,113.5,106.1
2024-01,108.7,96.1,114.4,107.4,113.3,100.8,118.9,110.7,116.5,108.2,104.5,109.3,113.2,91.5,105.5,103.5,115.0,105.8,106.2,109.1,105.1,104.6,104.3,107.5,117.0,109.6,108.6,112.7,102.2,109.3,117.1,116.8,108.0,106.3,110.5,109.3,110.0,96.0,111.1,106.9,105.0,115.2,109.2,101.5,107.3,110.8,96.7,100.7,104.6,109.8,104.8,116.7,109.2,111.0,113.0,115.8,112.1,110.9,113.4,107.1
2024-02,108.6,96.1,113.1,107.0,113.3,100.9,118.4,110.5,116.5,108.7,104.1,109.3,113.0,91.9,102.4,102.7,115.0,106.0,105.2,108.8,105.0,104.3,104.5,107.2,117.1,109.8,106.8,112.4,102.2,109.4,116.7,116.9,108.1,105.1,110.2,109.4,109.9,96.1,110.0,106.5,104.9,115.2,109.3,100.4,106.9,109.2,96.9,100.8,104.6,109.8,104.8,116.7,109.4,109.4,112.7,115.9,112.7,110.0,113.3,106.8
2024-03,108.5,96.3,113.2,107.0,113.2,100.9,118.5,110.6,116.7,108.8,104.4,109.5,112.1,92.3,105.3,103.4,115.2,106.0,105.6,109.0,105.0,103.6,104.4,107.7,117.1,109.8,107.3,112.5,102.2,109.9,116.6,117.3,108.0,105.7,110.5,109.4,109.8,96.2,110.4,106.6,104.8,115.3,109.3,100.4,106.9,108.9,97.0,100.8,104.8,110.4,104.8,117.2,109.2,110.0,113.0,116.2,112.9,110.9,113.8,107.2
2024-04,110.3,96.5,114.2,108.2,113.4,100.9,119.1,110.9,118.4,109.1,104.9,110.4,116.2,92.4,105.9,105.1,115.9,106.2,105.8,109.4,105.2,104.7,104.6,108.2,117.5,109.1,107.5,112.5,102.1,109.4,117.4,117.3,108.6,105.7,110.7,109.3,111.3,96.4,111.3,107.6,105.3,115.9,108.7,100.4,106.9,109.8,96.7,100.9,104.4,109.9,104.8,117.2,110.0,110.0,113.2,118.4,113.3,111.9,115.1,107.5
2024-05,110.1,97.0,113.6,108.0,113.7,101.0,119.2,111.0,118.4,108.9,104.8,110.3,116.2,92.9,106.9,105.6,116.0,106.4,105.7,109.5,105.2,103.8,104.8,107.9,117.7,109.7,107.3,112.7,102.3,109.7,117.4,117.6,108.9,105.8,110.9,109.2,111.2,96.7,110.7,107.4,105.7,116.1,109.1,100.3,107.0,109.3,96.7,100.9,104.4,110.2,105.0,117.5,110.3,109.6,113.4,118.4,113.1,111.6,115.0,107.4
2024-06,110.1,96.6,114.3,108.2,113.7,101.0,119.5,111.2,118.5,109.0,104.7,110.3,116.2,92.6,105.9,105.2,116.0,106.5,106.2,109.6,105.5,104.7,104.5,108.1,118.8,109.6,107.2,113.2,102.6,109.8,117.5,117.2,109.0,106.6,111.1,109.3,111.2,96.5,111.3,107.6,105.7,116.9,109.0,100.3,107.2,109.4,96.7,100.9,104.3,110.3,105.0,116.9,110.4,110.0,113.2,118.5,113.2,111.4,115.0,107.6
2024-07,110.4,96.6,114.5,108.4,113.9,101.0,119.9,111.4,119.1,109.2,105.3,110.8,116.6,92.5,106.1,105.4,116.5,106.6,106.3,109.9,106.0,104.8,104.5,108.4,121.2,109.7,107.2,114.3,102.7,109.9,117.8,117.2,109.2,106.6,111.1,109.3,111.6,96.5,111.4,107.8,106.3,118.8,109.1,100.4,107.8,110.0,96.8,101.3,105.7,110.5,104.9,116.9,110.7,110.4,113.4,119.3,113.5,112.3,115.7,107.9
2024-08,110.2,96.7,114.7,108.4,113.9,101.0,119.5,111.2,118.6,109.2,105.2,110.6,116.0,92.0,106.9,105.2,116.1,106.6,106.4,109.7,106.0,104.9,104.5,109.0,121.4,109.7,107.3,114.4,102.7,109.8,117.3,116.5,109.0,106.7,110.9,109.2,111.4,96.6,111.8,107.9,107.2,118.9,109.0,100.4,107.8,109.8,96.8,101.3,105.7,110.3,104.8,115.9,110.5,110.7,112.9,118.6,113.5,112.0,115.3,108.5
2024-09,110.2,97.2,115.7,108.8,113.7,101.0,117.6,110.2,118.6,109.6,105.8,111.0,116.1,92.3,108.3,105.8,116.1,106.8,106.5,109.8,106.1,105.4,104.4,108.9,121.4,109.6,107.7,114.4,102.7,109.0,115.6,116.4,109.3,106.8,111.0,109.5,111.6,96.9,112.5,108.2,107.0,118.9,109.2,100.2,107.7,109.5,96.8,101.9,106.6,109.5,105.7,115.8,110.9,110.7,113.0,118.8,114.0,112.5,115.6,108.3
2024-10,110.2,97.0,114.9,108.5,113.9,100.9,119.2,111.0,118.6,110.1,105.1,110.8,116.0,92.2,107.0,105.4,116.2,107.0,106.8,110.0,106.3,105.1,104.9,109.2,121.9,110.2,108.2,114.9,102.8,109.2,117.1,116.4,109.5,107.3,111.2,109.4,111.6,96.9,112.0,108.1,107.1,119.3,109.7,101.0,108.3,110.0,97.0,102.4,107.2,109.7,106.0,115.7,111.2,110.5,113.0,118.8,114.8,112.5,115.8,108.7
2024-11,110.2,97.3,116.5,109.1,114.0,101.1,119.1,111.0,118.9,110.7,105.4,111.2,116.0,92.6,108.1,105.8,117.3,107.4,107.3,110.7,106.3,106.0,105.3,109.6,121.8,110.7,108.4,115.1,102.7,109.1,117.1,118.8,109.8,107.8,112.4,109.4,111.6,97.1,113.4,108.6,107.3,119.2,110.0,101.3,108.5,110.2,97.1,102.4,107.2,109.6,106.0,118.9,111.5,111.6,114.8,119.2,115.5,113.3,116.4,109.1
2024-12,110.2,97.6,118.8,109.8,114.3,101.1,119.4,111.2,119.5,110.0,105.9,111.4,116.0,93.1,109.9,106.5,117.5,107.4,108.0,111.0,106.8,107.3,104.3,110.1,122.0,110.7,108.9,115.3,102.7,109.1,117.5,118.9,109.9,108.5,112.7,109.4,111.7,97.3,115.4,109.2,107.8,119.5,110.0,101.4,108.6,110.3,97.3,102.4,107.1,109.6,106.0,118.9,111.7,112.8,115.2,119.9,114.6,115.0,116.9,109.4
2025-01,110.9,97.0,118.7,110.0,116.2,101.4,118.8,111.2,121.8,110.3,106.1,112.3,116.6,91.9,109.0,106.1,118.8,107.5,108.3,111.6,106.8,108.0,104.7,109.9,124.6,111.2,108.3,116.5,103.1,108.8,117.3,119.8,110.0,109.3,113.3,109.4,112.3,96.9,115.2,109.3,107.7,121.8,110.4,101.2,109.3,110.4,98.0,102.6,107.1,109.3,106.1,119.8,111.8,113.0,115.7,120.8,115.0,115.4,117.6,109.4
2025-02,110.6,97.0,118.6,109.8,116.5,101.4,120.0,111.8,121.9,109.7,106.4,112.4,115.8,92.1,108.8,105.8,118.8,107.6,108.3,111.6,106.8,107.8,105.1,109.9,124.7,111.1,107.8,116.3,103.2,108.2,118.9,120.0,110.4,109.1,113.4,108.9,112.1,96.9,115.0,109.1,107.7,121.9,110.4,101.3,109.3,110.6,98.0,102.3,106.6,108.7,106.1,120.1,112.3,112.9,115.9,120.9,114.1,116.2,117.5,109.3
2025-03,110.9,97.0,117.7,109.7,116.5,101.4,118.2,110.9,122.1,109.5,106.1,112.3,116.8,92.2,106.8,105.5,119.0,107.8,108.3,111.8,106.8,107.7,104.9,109.9,124.7,112.3,108.5,116.9,103.1,107.5,117.2,120.2,110.5,109.7,113.8,108.9,112.3,96.9,114.4,109.1,107.7,122.0,111.1,101.3,109.5,110.8,98.0,102.3,106.6,107.9,106.1,120.4,112.5,112.8,116.1,121.2,113.9,115.5,117.4,109.3
2025-04,110.9,97.0,118.8,110.0,116.6,101.7,118.9,111.4,123.2,110.0,106.6,113.0,117.1,91.9,109.0,106.2,120.0,108.1,108.5,112.3,106.8,107.9,105.5,110.3,125.9,112.5,108.6,117.5,103.2,107.7,118.1,121.5,110.8,109.4,114.3,109.4,112.4,97.0,115.3,109.4,107.8,123.3,111.3,101.5,110.0,111.8,98.0,102.3,106.6,108.1,107.0,122.4,112.8,112.7,117.1,122.6,114.8,115.7,118.3,109.5
2025-05,111.5,97.5,119.6,110.7,116.6,101.8,121.8,112.8,123.2,110.3,107.0,113.3,119.0,92.5,109.3,107.1,120.2,108.3,109.3,112.7,107.4,108.4,105.9,110.9,126.4,112.2,108.9,117.7,103.3,108.5,120.7,121.6,111.1,110.9,114.9,109.7,112.9,97.3,116.2,110.0,108.2,123.6,111.2,101.1,109.9,110.8,98.9,102.8,107.7,108.9,107.0,122.4,113.1,114.0,117.5,122.6,115.2,116.5,118.7,110.1
2025-06,111.3,97.5,120.3,110.8,116.7,101.9,122.1,113.1,123.7,110.1,107.4,113.6,118.2,92.5,111.8,107.6,120.3,108.2,109.6,112.9,107.4,108.2,105.8,111.1,127.2,111.8,109.0,117.9,103.4,109.7,120.6,121.6,111.1,111.1,115.0,109.8,112.7,97.4,116.6,110.1,108.5,124.3,111.0,101.2,110.1,111.0,98.8,102.3,106.6,110.2,107.0,122.4,113.0,114.2,117.5,122.6,115.0,117.5,118.9,110.3
2025-07,112.0,98.0,120.0,111.1,116.9,102.1,120.0,112.1,124.0,110.2,107.4,113.7,118.9,93.3,110.9,107.9,120.6,108.5,109.6,113.0,107.0,109.1,107.3,110.7,127.5,112.3,108.9,118.2,103.4,107.6,119.4,121.8,111.5,111.3,115.2,109.7,113.3,97.5,116.2,110.3,108.4,124.4,111.2,101.3,110.3,110.9,99.4,101.8,106.5,108.0,107.2,122.6,113.5,114.3,117.7,122.8,115.1,117.6,119.0,110.1
2025-08,112.0,98.5,120.5,111.4,116.9,102.1,122.2,113.2,124.0,110.5,107.4,113.8,118.7,93.3,111.2,107.9,120.6,108.7,109.7,113.2,107.0,109.6,107.4,110.9,127.4,112.2,109.7,118.3,103.4,109.1,121.1,121.8,111.9,111.1,115.2,109.8,113.4,97.9,116.6,110.5,108.4,124.4,111.2,101.8,110.4,111.3,99.4,101.8,106.6,109.6,107.2,122.6,114.0,114.3,117.9,122.8,115.5,117.5,119.1,110.3
2025-09,112.3,98.8,120.6,111.7,117.0,102.0,122.6,113.4,123.8,110.3,107.6,113.8,119.6,93.0,111.0,108.0,120.6,109.0,109.9,113.3,107.0,109.9,106.8,111.1,127.4,112.9,109.4,118.4,103.4,109.8,121.2,121.8,112.3,111.3,115.4,110.2,113.6,98.2,116.8,110.7,108.4,124.4,111.8,101.7,110.6,111.6,99.4,101.8,106.6,110.3,107.3,122.6,114.5,115.6,118.4,122.6,115.3,117.9,119.1,110.5
2025-10,112.7,99.1,120.9,112.0,117.6,102.2,122.8,113.7,125.2,110.0,108.2,114.4,119.6,93.2,111.3,108.2,120.9,109.0,110.3,113.6,108.9,110.1,107.3,111.2,127.3,112.9,111.2,118.8,103.6,108.0,122.1,121.8,112.2,111.4,115.5,110.4,113.9,98.4,117.0,111.0,109.9,124.4,111.8,102.5,110.9,112.1,100.1,101.8,106.7,108.4,107.9,122.6,114.5,115.2,118.3,124.4,114.9,118.7,120.0,110.6
2025-11,113.2,98.6,123.7,113.0,117.7,102.2,122.7,113.6,125.3,111.1,109.6,115.3,119.8,93.0,114.3,109.1,121.3,109.1,111.3,114.1,108.9,111.6,107.7,111.5,128.0,113.4,111.3,119.3,103.7,109.1,121.5,122.2,112.3,112.2,115.9,110.3,114.3,98.0,119.3,111.8,109.9,124.8,111.6,103.1,111.3,111.5,100.1,101.9,106.9,109.5,106.6,123.1,114.6,118.1,119.2,124.5,115.7,121.8,121.1,110.8
2025-12,113.5,99.3,124.8,113.6,117.8,102.3,124.0,114.3,125.8,110.9,109.5,115.4,120.8,94.1,114.8,110.0,121.9,109.3,111.2,114.4,109.1,112.5,108.2,111.8,130.2,112.4,111.8,120.1,103.7,111.1,122.1,122.8,112.9,111.5,116.0,110.2,114.6,98.6,120.3,112.4,110.2,126.6,111.3,103.4,111.8,112.4,100.1,102.2,107.1,111.6,107.9,123.6,115.3,117.6,119.6,125.0,115.3,121.5,121.2,111.2
